{"cameraMode":{"drawMode":0,"name":"Shaded","section":"Shading Mode"},"sceneLighting":false,"audioPlay":false,"sceneViewState":{"showFog":true,"showMaterialUpdate":false,"showSkybox":false,"showFlares":true,"showImageEffects":true,"showParticleSystems":true},"in2DMode":false,"pivot":{"x":-3.509416103363037,"y":1.2605113983154297,"z":-5.492336750030518},"rotation":{"x":-0.21119877696037293,"y":0.7716180682182312,"z":-0.32180216908454897,"w":-0.5064440965652466},"size":7.7299113273620609,"orthographic":false}