{"cameraMode":{"drawMode":0,"name":"Shaded","section":"Shading Mode"},"sceneLighting":true,"audioPlay":false,"sceneViewState":{"showFog":true,"showMaterialUpdate":false,"showSkybox":true,"showFlares":true,"showImageEffects":true,"showParticleSystems":true},"in2DMode":false,"pivot":{"x":48.20170593261719,"y":1.3801970481872559,"z":56.320457458496097},"rotation":{"x":-0.10874176025390625,"y":0.2998463809490204,"z":-0.03442542627453804,"w":-0.9471447467803955},"size":8.421929359436036,"orthographic":false}