{"cameraMode":{"drawMode":0,"name":"Shaded","section":"Shading Mode"},"sceneLighting":true,"audioPlay":false,"sceneViewState":{"showFog":true,"showMaterialUpdate":true,"showSkybox":true,"showFlares":true,"showImageEffects":true,"showParticleSystems":true},"in2DMode":false,"pivot":{"x":49.609588623046878,"y":2.4136807918548586,"z":52.72673797607422},"rotation":{"x":-0.14393888413906098,"y":0.4776858687400818,"z":0.079735167324543,"w":0.8630465269088745},"size":6.081689357757568,"orthographic":false}